{
  "visual.blocks.last": {
    "num_tokens": 4784,
    "hidden_dim": 1280,
    "grid_shape": [
      52,
      92
    ],
    "norms": {
      "mean": 3872.2470703125,
      "std": 3459.503662109375,
      "min": 64.88292694091797,
      "max": 15826.4638671875
    },
    "means": {
      "mean": -2.3326473236083984,
      "std": 2.1741268634796143
    },
    "stds": {
      "mean": 108.24937438964844,
      "std": 96.70984649658203
    },
    "semantic_comparison": {
      "object_mean": 3044.52197265625,
      "object_std": 3067.074951171875,
      "background_mean": 3923.313720703125,
      "background_std": 3475.817138671875,
      "ratio": 0.7760077714920044,
      "t_stat": -4.1169165367914236,
      "p_value": 3.904478001089062e-05,
      "within_object_sim": 0.9624267816543579,
      "within_background_sim": 0.9428355097770691,
      "between_sim": 0.9517013430595398
    }
  },
  "visual.merger": {
    "num_tokens": 1196,
    "hidden_dim": 3584,
    "grid_shape": [
      26,
      46
    ],
    "norms": {
      "mean": 47.009864807128906,
      "std": 29.172882080078125,
      "min": 9.6954984664917,
      "max": 274.44415283203125
    },
    "means": {
      "mean": 0.0005648781079798937,
      "std": 0.011432990431785583
    },
    "stds": {
      "mean": 0.7852972745895386,
      "std": 0.4873238801956177
    },
    "semantic_comparison": {
      "object_mean": 52.32453155517578,
      "object_std": 18.356800079345703,
      "background_mean": 46.689476013183594,
      "background_std": 29.668882369995117,
      "ratio": 1.120692253112793,
      "t_stat": 1.5471546839856045,
      "p_value": 0.12209094450916723,
      "within_object_sim": 0.45999330282211304,
      "within_background_sim": 0.276449054479599,
      "between_sim": 0.2255227267742157
    }
  }
}