{
  "visual.blocks.last": {
    "motion_mean": 2964.8450552737663,
    "motion_std": 2765.7093920832485,
    "static_mean": 2607.5649452169714,
    "static_std": 2653.315199214233,
    "ratio": 1.1370167637481667,
    "t_stat": 7.244625931112144,
    "p_value": 4.3955997233111557e-13
  },
  "visual.merger": {
    "motion_mean": 53.85136732451446,
    "motion_std": 18.567186083126654,
    "static_mean": 42.06280806218459,
    "static_std": 22.082602611924777,
    "ratio": 1.2802608719061734,
    "t_stat": 14.604602065390432,
    "p_value": 6.22492868054145e-48
  }
}