{
  "siglip2.blocks.last": {
    "num_tokens": 3680,
    "hidden_dim": 1152,
    "grid_shape": [
      46,
      80
    ],
    "norms": {
      "mean": 5521.52490234375,
      "std": 5123.06884765625,
      "min": 117.56086730957031,
      "max": 15453.896484375
    },
    "means": {
      "mean": 3.5197153091430664,
      "std": 3.2257297039031982
    },
    "stds": {
      "mean": 162.7119903564453,
      "std": 150.97097778320312
    },
    "semantic_comparison": {
      "object_mean": 4287.5205078125,
      "object_std": 4420.08349609375,
      "background_mean": 5594.32275390625,
      "background_std": 5152.32666015625,
      "ratio": 0.7664056420326233,
      "t_stat": -3.554156373118505,
      "p_value": 0.0003839613801651698,
      "within_object_sim": 0.9714409708976746,
      "within_background_sim": 0.9558812975883484,
      "between_sim": 0.9636066555976868
    }
  },
  "visual.merger": {
    "num_tokens": 920,
    "hidden_dim": 4096,
    "grid_shape": [
      23,
      40
    ],
    "norms": {
      "mean": 17.175369262695312,
      "std": 11.728538513183594,
      "min": 1.0139950513839722,
      "max": 65.34351348876953
    },
    "means": {
      "mean": -0.0008745332015678287,
      "std": 0.0033592761028558016
    },
    "stds": {
      "mean": 0.26838186383247375,
      "std": 0.18327131867408752
    },
    "semantic_comparison": {
      "object_mean": 18.876964569091797,
      "object_std": 12.156479835510254,
      "background_mean": 17.07550621032715,
      "background_std": 11.6952486038208,
      "ratio": 1.105499505996704,
      "t_stat": 1.0655583272095623,
      "p_value": 0.28690351581842927,
      "within_object_sim": 0.489667683839798,
      "within_background_sim": 0.3350605070590973,
      "between_sim": 0.3079011142253876
    }
  }
}