{
  "siglip2.blocks.last": {
    "motion_mean": 3776.6451536163436,
    "static_mean": 3647.059524645523,
    "ratio": 1.0355315365968465,
    "t_stat": 2.5274458470910908,
    "p_value": 0.011490985427738463
  },
  "visual.merger": {
    "motion_mean": 23.34651137931333,
    "static_mean": 15.157655958069048,
    "ratio": 1.5402454999570705,
    "t_stat": 29.388893501816284,
    "p_value": 7.254434247484385e-187
  }
}